{
    "classification_report": {
        "False": {
            "precision": 0.9899792674498963,
            "recall": 0.9989539748953975,
            "f1-score": 0.9944463727872266,
            "support": 2868
        },
        "True": {
            "precision": 0.9978693181818182,
            "recall": 0.9797768479776848,
            "f1-score": 0.9887403237156932,
            "support": 1434
        },
        "accuracy": 0.9925615992561599,
        "macro avg": {
            "precision": 0.9939242928158573,
            "recall": 0.9893654114365411,
            "f1-score": 0.9915933482514598,
            "support": 4302
        },
        "weighted avg": {
            "precision": 0.992609284360537,
            "recall": 0.9925615992561599,
            "f1-score": 0.9925443564300489,
            "support": 4302
        }
    },
    "roc_auc_score": 0.9998911910194539,
    "MRR": 0.5260957840621017,
    "best_threshold_for_recall_at_k": {
        "1": 0.8,
        "2": 0.8,
        "3": 0.8,
        "4": 0.8,
        "5": 0.8
    }
}