{
    "classification_report": {
        "False": {
            "precision": 0.8492139878087905,
            "recall": 0.9229428172942817,
            "f1-score": 0.8845446950710109,
            "support": 2868
        },
        "True": {
            "precision": 0.8135021097046413,
            "recall": 0.6722454672245467,
            "f1-score": 0.7361588392516227,
            "support": 1434
        },
        "accuracy": 0.8393770339377034,
        "macro avg": {
            "precision": 0.8313580487567159,
            "recall": 0.7975941422594142,
            "f1-score": 0.8103517671613167,
            "support": 4302
        },
        "weighted avg": {
            "precision": 0.8373100284407408,
            "recall": 0.8393770339377034,
            "f1-score": 0.8350827431312149,
            "support": 4302
        }
    },
    "roc_auc_score": 0.8960401311835111,
    "MRR": 0.3646480841266468,
    "best_threshold_for_recall_at_k": {
        "1": 0.8,
        "2": 0.8,
        "3": 0.8,
        "4": 0.8,
        "5": 0.8
    }
}