{
    "classification_report": {
        "False": {
            "precision": 0.8515523932729625,
            "recall": 0.9180613668061367,
            "f1-score": 0.8835570469798657,
            "support": 2868
        },
        "True": {
            "precision": 0.8057851239669421,
            "recall": 0.6799163179916318,
            "f1-score": 0.7375189107413009,
            "support": 1434
        },
        "accuracy": 0.8386796838679684,
        "macro avg": {
            "precision": 0.8286687586199524,
            "recall": 0.7989888423988842,
            "f1-score": 0.8105379788605833,
            "support": 4302
        },
        "weighted avg": {
            "precision": 0.8362966368376223,
            "recall": 0.8386796838679684,
            "f1-score": 0.8348776682336774,
            "support": 4302
        }
    },
    "roc_auc_score": 0.8910114542423588,
    "MRR": 0.3713843694163005,
    "best_threshold_for_recall_at_k": {
        "1": 0.8,
        "2": 0.8,
        "3": 0.8,
        "4": 0.8,
        "5": 0.8
    }
}