{
    "classification_report": {
        "False": {
            "precision": 0.9958260869565217,
            "recall": 0.9982566248256625,
            "f1-score": 0.9970398746299843,
            "support": 2868
        },
        "True": {
            "precision": 0.9964961457603364,
            "recall": 0.9916317991631799,
            "f1-score": 0.9940580216707444,
            "support": 1434
        },
        "accuracy": 0.996048349604835,
        "macro avg": {
            "precision": 0.9961611163584291,
            "recall": 0.9949442119944212,
            "f1-score": 0.9955489481503643,
            "support": 4302
        },
        "weighted avg": {
            "precision": 0.9960494398911267,
            "recall": 0.996048349604835,
            "f1-score": 0.9960459236435709,
            "support": 4302
        }
    },
    "roc_auc_score": 0.9999163568954013,
    "MRR": 0.5244723146434764,
    "best_threshold_for_recall_at_k": {
        "1": 0.8,
        "2": 0.8,
        "3": 0.8,
        "4": 0.8,
        "5": 0.8
    }
}